"marker","years_per_unit","marker_gap_age_adjusted","contribution_years","label"
"rdw",3.66661121277658,0.685940152549558,2.51507585463189,"Red cell distribution width"
"creatinine",0.105362391171741,16.2923395275946,1.71659985040923,"Creatinine"
"glucose",2.16602894693063,0.477449359245627,1.03416913281951,"Glucose"
"albumin",-0.37265014140742,-1.51780009867704,0.565608421400196,"Albumin"
"log_crp",1.05806022292464,0.317210111435769,0.335627401219679,"C-reactive protein (log)"
"alp",0.0208506626739866,9.13725034505645,0.190517724712539,"Alkaline phosphatase"
"wbc",0.61442910220152,-0.713745071019906,-0.438545743187521,"White blood cell count"
"mcv",0.29723285088449,-2.49176547655749,-0.740634556332732,"Mean cell volume"
"lymph_pct",-0.133089336216936,6.45781677649446,-0.859466548194238,"Lymphocyte %"
