"measure","gap_years_or_units","hr_all_est","hr_all_lower","hr_all_upper","hr_all_p","hr_white_est","hr_white_lower","hr_white_upper","hr_white_p","hr_black_est","hr_black_lower","hr_black_upper","hr_black_p","interaction_p"
"Blood PhenoAge: Published (all nine markers)",4.31895153747855,1.46949064066436,1.36426166093141,1.58283619985765,3.19468606182764e-24,1.50778496947738,1.37110378682848,1.65809148513883,2.45590123415211e-17,1.35597146839095,1.2335899278059,1.49049419231283,2.79125797917435e-10,0.330666244199435
"Blood PhenoAge: Creatinine held at mean",2.60235168706931,1.46784872576438,1.36415700301385,1.57942221970636,9.82525425989712e-25,1.47505169309812,1.35365117667653,1.60733986332696,7.30231697251428e-19,1.41140889511658,1.30282574202389,1.52904183956299,3.26030119760699e-17,0.857767483483527
"Blood PhenoAge: WBC + lymphocyte % held at mean",5.6169638288603,1.45497026218458,1.35452177495533,1.56286779805461,9.22921943314741e-25,1.49351659391284,1.3596645899525,1.64054564101794,5.59910969169025e-17,1.34622745888955,1.22658850449511,1.47753575418857,3.82193681402893e-10,0.332117328600865
"Blood PhenoAge: RDW + MCV held at mean",2.5445102391794,1.43663544721423,1.34235111878755,1.53754213730355,1.30269786909255e-25,1.45532641467875,1.33770000999986,1.58329592392089,2.62812886027063e-18,1.36605094305617,1.27672156048594,1.46163050486464,1.56478654057075e-19,0.621477412225838
"Blood PhenoAge: All five held at mean",2.12592268015192,1.27579438768771,1.18745648940654,1.37070396614609,2.87001147958364e-11,1.28508130927399,1.17586535647842,1.40444138637711,3.1111928494238e-08,1.23780322696381,1.14674601864558,1.33609082025997,4.44055871294723e-08,0.664959772929065
"Epigenetic PhenoAge",-0.685018255957559,1.35428116276943,1.22785536183929,1.49372436268449,1.31702034618041e-09,1.34956669951626,1.20879391649519,1.50673348995999,9.61695412832564e-08,1.38284022622454,1.227880983415,1.55735540911008,9.01558576859519e-08,0.500702460328186
"GrimAge",1.03831526129046,1.68304896675741,1.5208695757015,1.86252251327773,7.46064646321058e-24,1.69411096877425,1.50763920707377,1.90364641689819,7.97827335460753e-19,1.579162607123,1.42963036307049,1.74433518212327,2.21529159225899e-19,0.678395624006033
"GrimAge2",1.68645906976661,1.71366492846573,1.55078157873705,1.8936564164278,4.08669843680326e-26,1.71350191672337,1.52770093497082,1.92190025639459,3.69607757895642e-20,1.67822717310449,1.5096719923022,1.86560157365794,9.04770697559138e-22,0.298867736615259
"Horvath",-0.651734248503829,1.1521465894499,1.06230910820151,1.2495814573485,0.000627728007191613,1.14605284767837,1.05077881800476,1.2499653658471,0.00208005310449601,1.18094586715679,1.04113650326415,1.33952957828514,0.00967942997298328,0.387128425360953
"Hannum",-1.90988126502294,1.25612287733668,1.16758452482496,1.35137512481602,9.67544165492839e-10,1.24861376866073,1.1548051037329,1.3500428238926,2.51828090584655e-08,1.31819684823837,1.18070948127161,1.47169389106128,8.8391104002487e-07,0.0737224792530551
"DunedinPoAm",0.0213632866721432,1.42324069353212,1.30426813632775,1.5530656736191,2.2925383603957e-15,1.42829748369797,1.29313073690551,1.57759277056534,2.09445151912345e-12,1.34602647645826,1.20521866661988,1.50328510958756,1.35657598796676e-07,0.913544573866219
